Original Surface Roughness (um),New Surface Roughness (um)
5.60438,2.45814
7.01887,4.82832
5.03602,3.17401
5.26719,4.57237
1.01572,4.82502
2.55595,0.936336
8.73843,2.68871
6.38543,5.8669
6.84911,1.84209
3.89493,3.47223
3.92537,3.52385
5.11367,1.60732
5.13093,3.69972
3.92027,4.29569
4.46684,2.84787
3.40966,3.20058
6.28254,2.80132
3.40241,3.64855
-5.24694,2.84477
10.0948,3.20496
7.6921,2.59966
3.51195,2.70878
4.23593,2.82212
3.45179,0.975732
4.52019,3.88614
3.24129,3.52177
6.85841,6.58155
7.42777,4.97995
-1.46244,3.88146
10.1195,-1.52573
4.88936,1.55466
3.61142,4.02864
5.03813,2.24153
0.177326,3.13399
2.53579,2.96549
8.83382,0.34079
9.11221,2.32891
8.62507,5.09508
11.9054,2.03675
2.92145,2.39337
9.70864,1.24833
6.83672,0.974602
3.69155,3.10054
0.930409,4.21066
5.19753,2.94819
10.2814,3.77069
7.68938,3.81875
1.84802,2.8103
5.35766,0.714597
4.12902,2.29167
2.78051,1.7909
0.0456924,1.82284
6.92289,3.17382
7.37627,1.77191
5.43073,3.40651
3.77422,7.1217
0.85676,2.5705
7.06427,1.24284
9.45554,3.40642
6.58383,3.9602
3.94546,2.60696
7.79483,0.916056
7.46499,0.744947
8.83282,2.86037
2.06091,5.12991
9.66225,2.5586
0.470427,2.34731
2.47922,4.63851
11.6565,0.987725
7.09175,0.0746615
12.6528,1.23703
8.47306,2.87444
2.1856,1.69531
6.42686,4.59239
6.15388,1.52974
5.15545,3.70241
8.14679,2.26141
4.70628,1.25968
10.3135,3.32097
7.89957,3.8926
4.99181,4.93063
7.08219,5.22423
3.06647,3.7645
12.3494,4.45698
5.34487,3.23545
5.71974,2.64275
6.39471,1.93585
8.98818,4.90383
6.26296,-0.949293
7.82116,2.77491
8.58453,1.77735
3.44019,1.89395
4.76235,2.46307
3.43389,1.30567
5.83447,1.94926
8.31671,-0.544104
0.0165393,2.7714
9.73853,1.37409
0.537757,3.46424
11.0127,1.72664
7.56705,2.72649
6.5812,0.238864
3.31606,0.787775
3.44859,1.39343
3.83878,3.20581
0.968438,-0.0245179
8.59529,4.79401
4.0768,3.70517
8.75966,2.87476
2.73347,4.48886
9.19266,2.04248
6.76445,1.38801
9.67731,2.54771
1.89214,1.74434
6.37441,6.35961
5.5768,3.09613
6.91227,3.2886
-0.0842259,2.39745
6.61892,3.85675
-1.32211,1.51927
9.34269,3.98863
9.57443,2.66993
12.6802,2.72626
3.43547,3.36446
1.26198,4.30229
8.07278,2.03524
4.75613,2.62919
6.44637,2.45965
9.58064,3.12792
0.579959,3.03015
2.34024,3.43886
1.14446,2.83308
6.469,5.27732
10.5502,4.14701
9.66798,2.2289
-0.569461,4.78978
6.34069,3.54512
6.98017,3.35664
6.09509,5.29399
8.12276,3.42675
9.09766,1.90522
10.8912,-0.651329
3.46966,4.55004
4.18736,4.20899
-0.600527,4.48847
1.98804,1.97414
2.73599,3.19567
4.8926,2.05844
3.00196,2.47454
7.56806,-1.32206
4.33513,5.80476
11.5541,3.22202
8.68917,1.88589
6.37632,3.34965
4.91454,2.96868
9.50197,2.82459
5.06444,2.32858
5.142,1.24791
4.38074,2.0391
4.78897,2.95023
6.88966,4.12368
7.11569,2.8977
-0.168505,4.95246
4.23096,5.26989
5.43237,2.5407
6.06093,3.35631
3.91472,2.51796
2.75893,4.56168
2.4705,2.5245
3.5165,3.37587
1.71336,4.15422
7.92162,1.80013
4.46643,3.0961
8.75655,0.315009
4.91666,4.80622
7.71431,2.05431
1.5774,2.74645
5.70779,1.95357
5.58062,2.8871
6.82219,1.15755
10.7951,3.07445
6.43254,3.25565
0.875638,2.80845
2.09195,3.16352
3.76538,2.67506
5.70171,2.21277
4.40275,3.5066
2.34716,3.66153
7.32147,1.59755
8.27993,2.27971
6.70623,2.64945
3.64257,1.79004
8.26095,3.66676
7.43083,0.461595
6.89926,2.17589
8.8047,4.40564
3.42525,2.10121
7.30364,4.20805
3.57202,2.41186
2.15487,5.29887
5.93377,2.42449
6.31623,3.80994
7.07165,2.84605
12.7391,3.98252
5.90038,1.07984
1.50459,3.06503
8.99883,5.48685
7.91864,3.62767
4.51013,1.2139
8.66936,3.52815
1.30565,2.26943
5.52488,5.146
13.879,4.11821
7.29833,3.49084
6.0798,3.60843
7.31753,4.73568
8.94995,1.23208
7.2919,4.06277
4.45627,4.94349
4.72936,2.83127
9.44863,1.68992
3.4951,6.28879
5.25676,1.54773
5.99148,4.15184
6.97501,1.99174
4.69714,0.236798
8.12097,3.54081
8.49443,-0.0518996
6.50367,2.53056
4.97859,2.93106
8.05076,3.9296
10.4866,3.01117
7.94856,4.45688
8.00238,3.07161
1.79112,6.15112
3.41871,2.41058
5.13619,4.73398
5.24444,1.22066
7.44216,-0.441144
5.36825,1.0013
10.7421,6.19528
5.03535,5.68374
3.02953,4.58562
5.85249,3.99991
5.03144,5.69064
4.7335,3.27315
9.19075,2.25271
7.60506,2.7868
7.7202,5.0319
5.09684,1.00688
10.0302,4.19867
9.34532,3.54032
3.90401,1.728
2.7253,4.14235
6.20829,4.39391
6.32091,0.521214
2.63082,4.372
8.67131,5.33039
5.42668,2.57056
3.42174,1.82736
0.519031,5.9997
1.97358,1.64739
3.62651,3.97102
5.49286,-0.353267
8.56089,3.3749
3.73397,2.82883
9.70441,-0.300519
4.50146,2.91783
5.32096,3.51782
4.23998,3.58599
3.78131,4.6781
-1.97335,2.52983
3.18224,4.09855
5.43368,2.25769
4.88188,5.19715
5.28196,-0.0841248
6.18108,3.95924
7.33946,2.38735
11.2536,4.5448
7.47496,4.59603
6.75505,0.776492
6.79707,2.69073
5.37618,1.27569
4.59333,2.08403
3.66053,3.83257
7.06983,3.32324
4.581,2.89653
12.5895,3.7987
9.40146,4.6729
13.7088,3.27883
11.0363,2.21009
12.5271,5.37694
9.03288,3.17565
8.05371,0.910498
2.78237,3.23922
2.41757,4.01926
9.01509,1.50206
8.53457,3.49294
3.51051,3.05494
2.93126,0.972805
8.88519,0.966727
6.65123,4.45899
8.85586,5.01759
3.68606,-0.222814
7.81505,2.21588
8.27464,0.626496
9.04926,4.66185
10.6384,3.80599
6.63301,3.63285
9.84963,0.19421
3.92163,3.53262
5.60093,0.842823
3.41108,2.97497
4.93589,1.81982
-1.37424,1.19086
5.81936,3.32715
5.2693,1.96437
6.20411,4.54706
1.7283,4.84881
5.81646,2.79713
8.18472,1.79061
6.17088,4.08343
11.7361,0.820899
10.1788,2.67424
4.60239,3.26343
7.76088,4.43065
9.21679,1.58577
9.29644,4.59771
3.21762,7.52141
3.50046,0.971463
5.61875,5.264
1.7653,2.37027
8.32711,3.52128
9.5966,1.7101
3.91546,0.621412
3.90667,3.19601
3.04352,3.14732
6.01501,4.08357
4.13692,1.62073
6.60026,2.94896
6.75628,1.81263
7.98015,2.27393
8.39916,4.52925
8.06125,1.9244
5.06932,4.56279
8.21914,1.78178
2.99865,3.66502
7.32985,1.56024
7.77714,1.10648
8.0952,3.21396
3.15061,1.14735
5.51488,3.52912
1.38281,3.06391
6.69135,1.86361
10.663,2.31151
5.01256,1.87664
0.355323,2.84279
7.17525,6.31029
13.3353,-0.197359
8.6641,3.66557
10.1746,2.54828
-0.490216,2.10798
0.397206,2.21467
5.56083,1.25105
1.93571,1.91324
7.0041,2.44463
6.28068,1.95666
9.69072,1.6303
7.7454,2.0263
7.45124,1.68346
6.63651,3.20546
9.6889,2.71931
0.974711,4.03168
4.46004,2.10435
0.0690686,4.30966
9.43208,1.1575
3.37183,3.33504
5.05314,4.04021
4.83437,3.53188
1.53592,2.48734
11.8027,3.04994
5.3236,3.90453
4.37857,3.47033
4.37725,5.50089
8.13888,3.04003
9.47098,1.79216
7.65532,3.29808
8.58546,1.66574
5.46081,1.95279
13.1441,3.72626
4.15356,4.50203
7.90447,2.79485
9.00779,5.02075
9.21949,3.24894
5.19435,3.61165
1.99883,1.05988
2.48529,3.91406
11.1862,1.9418
2.17297,1.32847
-0.338734,2.2143
7.52615,4.71602
8.26494,1.94448
9.29951,0.767178
9.92764,4.20543
9.07485,3.55015
4.09312,3.70459
6.73391,4.71527
4.32756,1.65734
2.96419,2.56642
7.15146,2.56459
4.3821,2.52532
3.13294,4.32256
8.52077,4.27946
8.9648,2.66824
7.69166,5.14553
3.49722,4.06544
3.54083,2.60168
8.98938,4.39131
6.51663,5.66623
6.50031,-0.367738
9.24743,5.06873
5.05186,3.69224
8.34753,3.49008
11.3314,2.26144
1.9363,4.58131
7.4215,1.81975
4.43648,1.47897
9.06042,1.01011
6.7026,3.71914
5.28725,3.9539
7.96711,3.73059
-0.159996,0.266435
2.11049,4.35902
0.0313938,1.52815
8.28888,1.85862
10.1734,2.57928
8.96162,5.70574
4.59728,5.66056
2.71816,2.75284
1.00226,4.01575
0.308675,4.65863
4.07689,2.98294
14.7965,4.89933
10.8025,1.77553
7.5945,1.348
6.44315,1.32878
4.17712,1.51976
6.49561,3.84727
2.94201,3.01376
10.2693,3.29243
7.69607,2.06057
6.60602,4.15485
5.5726,2.28277
10.0033,2.1767
9.10047,3.14953
6.96276,1.42395
8.07007,3.24322
7.46814,1.77323
3.25085,5.17017
5.12297,5.0145
7.51645,5.09102
6.35633,4.8393
5.10562,3.18119
5.26967,1.33367
8.29931,3.65115
6.0721,0.550024
10.4123,3.86076
6.65446,2.85842
6.51304,5.29183
5.39436,4.41297
6.37286,2.48844
9.0301,3.44664
9.19085,2.7598
5.23971,4.00653
12.1644,4.56678
4.26133,5.1643
8.95055,2.18219
3.94777,5.57424
7.44893,1.90018
6.44011,1.10714
2.70772,6.92597
5.30768,2.02615
-1.03865,1.67353
5.63841,4.64035
1.99981,1.60735
7.72569,1.81449
8.113,2.6551
8.87658,0.676476
0.742286,3.06963
5.69084,3.84472
-0.128943,2.91332
5.89337,0.276427
7.73464,2.80251
4.82628,3.26631
6.96749,2.74467
6.97971,4.04324
2.51399,4.44677
6.14979,1.9008
4.07193,4.51625
9.45204,4.59731
3.80257,2.52614
3.59369,3.94185
1.86349,1.94773
8.1769,2.35279
5.11218,1.11552
2.50118,1.75954
7.41308,1.4586
5.05175,3.17573
9.21645,1.54992
8.5077,4.02559
6.93792,3.57965
4.88644,4.48855
3.09871,3.60767
1.00391,3.12564
3.20817,2.60696
2.30431,4.71701
4.19557,4.01434
10.1653,0.837139
2.11982,3.7492
1.88308,5.81253
5.98081,4.96284
4.51007,3.89897
7.65844,1.92344
3.62561,1.41633
6.42289,6.31906
4.30957,2.95102
3.2498,4.54628
8.50919,1.54975
4.36793,0.857934
8.10695,1.60664
4.3484,1.78739
7.23438,3.15922
4.56347,3.55401
6.37979,1.20294
4.08773,2.79831
7.62971,1.4089
7.31485,2.03596
2.91822,2.00432
3.05075,4.45502
10.8056,3.11146
7.5361,3.10577
6.09678,3.49105
0.506736,0.0105082
6.29775,3.60989
8.32827,4.44535
7.13613,0.805205
6.79422,2.62523
5.13813,1.04908
0.910571,2.32527
5.90004,3.37733
5.85392,3.81046
3.36143,4.97666
6.29191,0.275958
7.92988,5.39319
5.38811,2.7295
10.2996,1.20605
9.65146,5.66544
0.999943,5.23662
1.12725,4.0633
5.39494,4.57308
5.46805,3.82016
3.74012,2.13203
2.55598,4.46107
4.22371,5.36135
6.96914,0.656712
14.3238,2.99836
6.70922,1.56522
10.5418,3.4702
7.80887,2.37903
4.34284,1.68406
7.47451,4.62925
1.20605,2.54605
6.27074,5.0495
6.50911,2.77997
0.751923,3.22691
8.70091,3.23298
11.848,0.915996
9.70916,1.71138
1.35512,2.01524
13.115,3.398
-1.01338,3.60783
6.31896,-0.919603
8.13314,2.12406
5.79098,4.30928
7.58684,1.47384
6.13,3.64692
7.51006,2.1149
1.96009,3.8963
2.942,6.1947
7.3604,1.6327
9.29778,6.19045
5.71572,2.75918
7.40894,6.10209
-0.550675,2.60844
2.83305,0.589356
4.99619,2.13475
6.02771,1.66839
4.63309,2.36434
4.36237,3.62558
3.72469,0.174782
8.14577,1.29399
12.2579,3.85894
6.11391,1.92845
-0.587611,1.56157
8.75019,4.22513
3.67638,4.50835
8.75688,2.41688
9.22985,3.5398
6.37536,2.23978
2.47849,2.85487
4.87382,2.58573
6.39228,2.28504
6.76079,3.59241
6.08919,4.9879
14.7006,1.84928
10.5141,1.38415
8.95135,4.49846
3.73766,2.70282
7.66458,1.75553
7.05292,3.84388
8.79248,0.498731
4.97583,3.56551
10.5475,3.36101
4.83104,3.76753
5.61122,3.6174
2.18378,1.88071
6.68072,2.0296
9.22153,-0.511045
3.80623,1.71694
6.01792,0.328904
9.82592,3.35692
6.09715,6.08888
5.32208,0.49322
9.31074,2.60432
6.22511,1.84322
7.69787,3.11788
7.33259,4.14786
7.17459,2.76387
0.440151,4.16345
9.26791,4.70658
3.23516,3.81357
-0.590319,3.40365
5.16997,3.18125
6.84441,1.04021
2.61764,0.83589
7.2728,3.16021
6.11944,4.72253
6.4894,4.12408
5.15526,3.96484
4.23654,4.05633
3.42775,3.90896
11.4114,1.91654
5.05378,3.222
4.75001,1.98024
6.42009,-0.012622
12.8994,3.48143
2.27637,2.97066
-0.179165,1.65442
9.77638,3.88233
1.14903,4.06759
7.78677,3.66649
8.51642,3.85376
3.06074,1.41251
5.74626,1.04775
2.52833,2.75941
4.05098,5.0556
5.92926,2.73992
5.50514,0.91015
4.42318,1.8146
8.63057,3.98374
7.72569,1.15054
7.06729,2.5527
4.85302,4.05699
6.0593,4.12211
2.67663,4.43465
2.89996,1.78396
7.94748,1.85787
8.13329,1.87911
12.8411,3.53231
6.8718,2.21352
7.16213,3.411
9.6146,1.82989
7.95891,2.0725
5.96385,2.40683
8.89207,2.70606
9.05281,1.72788
3.27573,-0.167775
3.75693,1.13843
6.84682,2.91133
5.01596,3.66448
6.11942,1.89801
7.30657,0.843244
5.65672,4.26914
8.81693,4.10139
7.47814,4.03616
8.85294,3.59862
6.54409,2.084
7.0907,1.45872
2.86867,2.60535
5.15115,2.68853
3.47331,6.5286
9.40329,3.54667
11.6239,1.54338
9.56673,1.59695
9.23037,2.93659
4.93611,3.6223
4.14465,1.09464
6.68052,3.64848
5.08359,1.85035
4.68679,1.30772
4.54839,1.97669
4.55761,4.15505
10.2169,3.19125
4.06438,3.94034
6.89471,1.69025
7.99372,4.58932
10.2175,0.353195
7.08548,2.50196
4.36626,0.894903
7.49934,3.44092
7.59566,5.16108
6.71815,4.3794
8.92051,5.33197
6.75953,2.71865
9.44161,0.914223
4.93195,3.1708
7.48822,3.18575
10.2239,5.18026
4.83878,2.97765
1.95179,4.15356
3.96215,0.641459
3.05349,3.32238
2.65931,3.70278
4.5884,4.28613
10.5845,2.83702
6.43126,4.32554
8.19172,3.22521
6.08377,4.31226
2.92932,1.34579
5.22071,2.19485
4.60623,5.15585
7.82101,2.08255
6.21622,4.76381
3.287,4.33126
8.62283,3.25337
5.3918,1.73982
6.55479,3.97365
4.95034,2.8184
7.8786,2.30292
9.53995,3.44354
5.04228,-0.0728085
8.62129,3.83614
6.76884,4.82484
10.8517,2.91481
0.428103,3.77564
12.7573,1.3215
1.88491,-0.120188
5.19872,1.42425
10.1418,0.509692
1.02943,2.05781
7.79285,3.27452
2.75872,1.65686
7.09226,0.980184
9.34619,2.20133
8.21799,6.52624
2.79073,4.09595
3.6773,2.29007
7.24307,4.79296
5.04055,5.70123
5.13695,1.57686
2.7718,7.03293
5.10575,3.09081
5.3273,3.9851
9.70826,2.24986
1.05691,4.45095
5.40423,5.75293
6.05266,2.10402
9.26751,0.0822534
5.42251,4.6214
2.76649,-0.307877
4.28925,2.28808
6.56173,2.90148
6.77521,2.50534
4.56837,0.944532
3.58821,3.58134
5.22439,4.0337
7.53553,1.79656
3.30147,1.75403
3.10357,3.61702
3.59992,5.18436
5.72913,-0.96166
5.46852,6.8864
3.65252,1.53932
8.97367,3.85718
4.66933,3.48956
7.20266,2.95726
4.28185,3.21901
10.9988,5.785
2.72182,3.24026
6.62667,2.896
9.05475,2.98587
8.30211,3.21641
8.0674,4.02138
6.6701,3.14889
2.16466,3.85496
8.34557,2.39315
2.89589,3.48021
6.72527,1.61696
7.33833,2.66292
7.64017,2.65819
6.55292,1.58235
6.10371,0.51919
1.89388,3.97965
3.7707,3.85625
4.70362,5.1031
3.87117,4.33526
4.42706,1.25136
6.4459,0.890852
6.10477,3.8508
4.01118,3.00409
3.44992,3.13885
3.30364,3.5198
4.70662,4.96468
7.75289,6.8969
12.1899,3.20441
8.31349,2.88884
5.56133,3.32958
3.6329,3.59537
4.6015,5.69811
5.39083,4.67126
3.99762,1.9544
6.54335,4.29792
3.21649,4.28874
3.88339,1.19259
11.4402,1.27634
2.61416,2.66632
3.0132,3.18359
9.32319,1.55451
8.64667,5.5842
2.00301,3.81791
-0.94494,4.64726
9.14154,1.66779
3.32165,1.80739
7.4427,3.54516
10.4296,3.48821
3.21008,6.12423
5.07513,5.44728
4.31746,1.64737
5.47339,1.42143
9.44236,2.76961
-0.0387499,2.00695
8.89134,2.83515
9.29901,0.135418
3.48568,4.03012
6.65479,1.85559
3.15657,5.1545
4.23061,5.31015
2.03251,2.99313
2.95029,1.66395
7.30501,6.13381
5.14717,4.17748
6.41416,4.50464
2.67067,2.91644
6.50004,2.10982
5.29475,5.12568
7.412,2.90706
5.41414,4.02015
0.0163603,4.23629
6.55085,5.3516
5.22755,3.44863
1.12559,3.64076
4.809,3.09546
3.7877,2.63492
12.2475,2.1926
6.08979,6.18547
4.72436,3.5472
9.18682,4.57386
5.4063,2.56455
7.17018,3.44027
6.53468,4.22779
3.15312,4.59575
3.41527,3.24523
4.62849,2.96021
7.2889,2.65533
2.11124,2.81075
1.09113,5.33123
5.46774,5.06439
9.32101,2.18279
7.18564,5.78451
8.46069,1.30158
4.75239,4.35669
5.37834,1.48658
6.82134,1.5004
5.79345,2.09999
2.74936,3.7325
4.89076,4.44468
3.29346,4.44548
8.20677,3.33056
10.3105,3.03508
6.55186,2.07966
6.01692,3.43112
7.46133,2.4392
9.43131,1.42036
4.59945,-1.53408
5.38305,5.14326
11.2339,6.21096
2.26767,4.00514
5.61972,1.29754
3.18111,3.26456
1.69933,2.65682
7.68323,0.939923
8.52747,1.95813
5.68563,4.45659
7.4901,3.48941
6.29267,4.56844
8.40502,1.87871
5.11934,4.29193
4.42187,1.46685
8.52047,2.71842
1.35253,1.53156
7.2923,1.3462
5.15161,1.70574
4.7048,3.89381
0.151328,5.17751
9.06339,2.61375
4.25845,3.41395
4.06225,3.92257
7.91149,3.40519
7.11238,4.07974
8.65825,2.05525
3.86008,2.11858
4.48369,3.20596
4.21283,2.86079
9.91724,3.00535
7.62387,3.25465
2.59217,2.09045
5.05728,1.78915
9.73284,0.858082
6.08145,4.91547
4.49788,3.38017
5.79955,1.74322
6.16446,1.5336
8.82648,3.889
0.232003,0.673922
7.92416,0.259811
3.5664,3.4372
5.63934,2.44929
5.01397,2.62525
4.16625,1.61931
6.18395,5.15977
3.34153,3.4692
10.6224,3.17217
-0.129595,0.335009
5.0473,4.02079
8.15068,2.7623
7.30368,3.22355
5.29394,2.66404
2.10086,-1.04272
10.2648,2.85995
4.04967,3.50826
4.45655,1.00928
-3.98041,2.9569
7.15443,3.30404
-0.325618,1.73729
7.15923,2.75993
8.89078,1.2781
6.81759,-0.149541
9.57772,3.35011
9.12069,3.0488
5.57383,5.02857
6.28193,5.23526
5.41478,3.03667
2.96139,2.40694
2.22205,2.25002
3.09153,3.24925
4.01075,3.19202
8.12675,2.58211
5.80311,3.02107
4.79695,0.764833
5.49995,2.16239
5.31237,3.85769
8.00281,2.96979
4.41234,2.51732
13.7101,1.51999
5.06249,4.46404
6.01517,2.92435
11.1548,2.33051
4.56556,2.91548
8.21214,2.09798
5.82466,6.28829
4.7661,4.05295
6.804,0.677812
6.80547,-0.784025
4.58352,2.102
10.3865,2.81778
14.9945,1.77961
6.23036,4.02584
3.99632,2.97378
6.75284,3.0064
0.951606,0.308437