subjectid,Heightin,Weightlbs
10027,71,180
10032,68,160
10033,68,205
10092,66,175
10093,77,213
10115,69,175
10117,72,250
10237,74,211
10242,70,220
10244,72,160
10246,70,195
10260,69,155
10265,72,230
10272,75,250
10286,68,200
10293,69,196
10303,67,170
10304,70,215
10305,70,167
10310,70,202
10312,71,165
10319,66,163
10338,66,175
10339,79,215
10340,70,212
10341,64,135
10349,73,230
10354,71,176
10358,69,178
10361,73,200
10367,75,168
10368,71,205
10371,65,150
10385,74,198
10389,71,151
10404,71,194
10406,68,150
10419,74,275
10422,68,170
10423,69,193
10427,70,135
10447,67,188
10451,73,175
10460,68,190
10467,70,215
10471,66,145
10473,69,155
10482,69,185
10495,75,222
10497,66,190
10510,71,240
10515,73,185
10517,65,161
10523,70,215
10524,67,173
10525,72,310
10529,71,147
10533,70,190
10534,68,220
10553,75,215
10557,64,126
10558,69,160
10564,73,160
10577,68,174
10579,69,220
10581,67,146
10582,66,180
10586,74,235
10587,70,150
10597,64,158
10599,69,165
10601,68,140
10614,64,164
10615,69,165
10616,73,227
10621,69,205
10622,66,205
10624,69,214
10631,73,195
10632,72,216
10638,71,190
10639,70,163
10646,72,200
10648,71,170
10652,68,175
10662,62,138
10667,68,169
10670,72,195
10672,70,143
10674,67,160
10677,68,190
10679,68,190
10680,72,166
10687,73,150
10689,75,165
10692,72,170
10694,66,158
10695,67,174
10696,74,165
10701,71,215
10704,72,190
10705,69,160
10707,71,210
10710,72,180
10712,73,144
10713,75,215
10716,69,190
10720,69,197
10721,73,183
10735,67,185
10736,73,215
10737,72,180
10740,67,187
10746,73,250
10747,71,219
10748,73,225
10749,67,174
10756,70,190
10761,74,315
10762,66,170
10770,65,148
10777,69,170
10779,68,155
10781,75,250
10783,75,200
10788,70,160
10790,71,183
10794,73,222
10801,72,173
10803,69,218
10808,66,168
10812,72,201
10814,69,174
10816,69,185
10817,72,220
10818,67,162
10821,74,210
10823,72,210
10825,71,230
10826,69,178
10827,71,205
10829,70,200
10832,75,230
10833,66,196
10838,71,191
10840,75,259
10843,68,175
10845,71,195
10846,74,193
10848,76,178
10851,72,210
10852,72,236
10853,72,170
10855,69,205
10859,76,240
10863,72,196
10869,70,238
10870,70,214
10890,66,150
10894,71,194
10899,74,217
10900,69,215
10908,73,215
10914,71,248
10922,68,195
10923,68,210
10933,72,210
10944,65,159
10968,72,228
10971,68,169
10977,77,240
10981,69,180
10994,71,210
11011,68,160
11022,69,165
11028,73,185
11031,67,190
11037,72,215
11051,71,185
11064,69,180
11067,68,165
11082,66,200
11093,69,165
11095,75,160
11098,68,160
11101,70,167
11103,77,250
11112,74,185
11124,75,200
11125,68,148
11132,65,188
11134,74,185
11139,71,220
11142,70,228
11146,68,161
11147,71,156
11150,68,152
11158,73,175
11159,68,200
11161,71,187
11170,77,220
11172,69,170
11174,70,183
11180,69,187
11182,68,156
11183,68,230
11184,72,208
11190,76,240
11191,70,196
11192,68,185
11193,69,184
11194,69,190
11195,68,153
11196,68,150
11197,70,207
11198,62,110
11199,75,255
11203,70,165
11204,72,242
11214,66,121
11215,64,186
11216,69,195
11217,73,235
11219,69,175
11222,72,240
11223,69,254
11226,67,195
11228,70,170
11231,71,184
11232,70,180
11233,65,185
11234,69,210
11235,66,145
11236,72,252
11240,69,198
11241,64,155
11242,87,215
11244,72,187
11245,69,171
11249,74,180
11251,71,145
11253,71,235
11256,66,195
11257,70,212
11258,72,195
11265,74,239
11277,65,178
11278,66,180
11283,69,195
11290,64,130
11292,73,255
11296,70,187
11299,71,205
11302,69,175
11305,67,121
11314,67,118
11317,66,200
11322,68,189
11324,70,230
11326,68,150
11334,69,162
11341,72,200
11342,72,200
11343,66,158
11344,70,245
11345,71,230
11346,66,140
11347,73,215
11348,75,226
11351,72,190
11353,75,255
11354,69,205
11356,70,145
11357,65,157
11359,70,223
11360,63,175
11361,70,245
11367,69,185
11369,68,191
11373,77,180
11374,70,174
11375,73,238
11376,72,215
11378,66,172
11379,68,220
11380,70,140
11384,66,145
11386,66,200
11411,65,180
11412,75,192
11417,66,185
11418,71,155
11421,69,185
11422,74,206
11423,69,212
11427,71,190
11431,69,235
11432,67,163
11439,68,160
11440,71,192
11441,64,103
11445,66,175
11447,72,218
11450,72,250
11451,71,181
11452,71,248
11453,78,201
11459,71,209
11461,71,189
11462,69,188
11466,74,208
11468,71,203
11474,65,164
11488,68,187
11499,67,163
11501,71,185
11505,69,215
11542,72,165
11545,71,145
11549,69,150
11551,69,163
11556,71,149
11561,66,178
11563,74,190
11572,72,175
11577,68,179
11607,69,169
11610,67,188
11646,73,200
11647,78,182
11653,69,187
11683,76,255
11685,66,186
11690,70,210
11697,74,230
11698,70,191
11705,66,167
11708,66,180
11717,72,215
11720,75,165
11721,73,177
11722,68,160
11729,70,160
11736,67,165
11738,70,189
11751,66,154
11753,70,180
11754,77,219
11755,71,193
11758,64,160
11759,73,162
11761,72,159
11819,72,283
11836,73,210
11837,66,225
11839,69,180
11842,68,183
11848,69,188
11855,71,168
11857,68,161
11862,70,160
11863,67,190
11866,63,120
11871,68,165
11872,73,207
11875,65,205
11876,68,203
11877,66,215
11878,66,150
11880,74,215
11881,75,240
11884,66,200
11885,72,170
11886,75,275
11887,71,195
11890,74,153
11892,69,163
11895,67,175
11896,69,157
11897,73,220
11905,70,185
11909,74,260
11930,69,185
11935,68,155
11944,71,165
11948,71,239
11953,75,225
11967,66,145
11969,66,206
11977,70,211
11979,67,155
11980,66,175
11983,67,169
12004,69,225
12016,70,225
12019,72,206
12021,67,165
12023,66,172
12044,72,200
12047,78,178
12048,72,180
12057,70,140
12058,67,167
12059,69,175
12060,65,180
12062,66,160
12064,65,188
12065,73,248
12102,69,165
12103,74,200
12123,69,180
12128,75,185
12129,70,215
12134,73,213
12142,71,203
12149,63,130
12156,72,175
12157,76,185
12162,66,185
12163,67,172
12164,67,190
12169,66,189
12172,71,225
12174,66,177
12175,75,230
12178,68,207
12180,67,147
12181,69,185
12184,70,180
12185,64,158
12190,67,190
12191,72,178
12199,68,165
12206,70,187
12207,71,135
12208,74,175
12214,72,160
12224,73,202
12232,74,190
12235,69,190
12243,67,153
12244,72,244
12247,68,145
12253,69,160
12258,69,160
12261,71,185
12265,75,210
12269,70,155
12288,76,225
12292,69,170
12297,71,180
12301,72,175
12303,72,178
12304,74,180
12311,70,145
12317,75,206
12318,66,200
12319,74,250
12320,63,168
12321,70,195
12337,73,205
12338,69,170
12339,70,147
12348,71,176
12350,67,150
12356,73,195
12357,70,175
12358,68,170
12359,71,207
12361,69,175
12363,70,190
12366,70,195
12367,71,265
12368,71,164
12369,71,178
12370,70,165
12372,68,170
12377,72,140
12382,71,160
12386,68,181
12392,70,175
12394,64,148
12397,65,172
12399,73,195
12411,69,200
12417,67,162
12420,74,185
12422,60,170
12425,77,226
12427,71,220
12428,66,150
12432,69,210
12435,66,184
12436,66,188
12438,73,215
12440,73,150
12441,67,145
12442,68,150
12444,68,200
12447,68,187
12448,74,253
12449,67,190
12450,71,196
12451,73,175
12452,69,176
12454,67,180
12456,68,170
12457,71,150
12459,70,195
12463,69,165
12467,70,145
12479,72,165
12480,70,214
12505,68,196
12506,70,195
12509,71,193
12511,67,190
12515,71,202
12517,69,200
12526,72,205
12527,68,155
12528,64,150
12538,68,174
12544,70,260
12545,73,215
12551,68,178
12554,72,210
12556,70,190
12563,71,171
12566,71,180
12567,69,224
12568,74,205
12570,69,195
12573,68,165
12574,68,191
12575,75,190
12578,72,215
12586,69,170
12587,71,220
12590,73,186
12594,71,195
12597,69,225
12600,68,190
12602,68,160
12610,72,194
12612,76,200
12615,70,205
12616,65,170
12618,70,150
12619,71,195
12621,71,194
12624,72,195
12625,71,180
12634,66,135
12636,76,218
12641,68,155
12644,76,190
12648,71,166
12649,70,180
12651,71,195
12653,69,200
12654,69,205
12655,70,213
12658,69,148
12659,72,180
12666,72,170
12667,67,210
12670,69,185
12672,65,235
12673,68,185
12677,72,175
12681,69,135
12683,68,150
12687,70,190
12690,72,205
12695,70,185
12700,71,165
12715,75,240
12719,69,220
12722,70,195
12723,67,194
12727,69,195
12729,74,220
12731,70,215
12732,69,180
12734,69,210
12736,69,180
12737,72,145
12740,69,193
12742,71,195
12744,70,245
12745,71,165
12751,73,210
12758,67,155
12762,72,215
12764,70,200
12765,73,220
12767,72,175
12768,68,207
12779,71,207
12783,69,210
12784,73,141
12786,72,250
12790,68,168
12792,71,150
12794,69,170
12808,69,232
12815,72,231
12816,71,160
12818,73,207
12820,73,196
12821,66,170
12824,64,201
12826,69,173
12827,66,185
12830,66,190
12856,65,130
12861,68,205
12865,71,180
12880,65,155
12890,67,158
12891,71,177
12893,73,150
12904,68,186
12905,69,210
12908,68,212
12911,72,230
12912,69,175
12917,67,180
12918,72,215
12924,70,240
12925,69,200
12926,69,177
12927,71,186
12928,74,185
12929,68,200
12931,76,240
12933,66,192
12936,71,195
12941,67,190
12942,69,160
12943,70,215
12946,66,205
12948,69,190
12952,72,185
12953,73,187
12954,66,190
12955,76,240
12956,72,181
12958,67,196
12959,68,205
12960,68,195
12962,69,220
12963,70,181
12966,66,170
12968,70,195
12969,70,195
12971,71,226
12972,64,137
12973,69,210
12974,71,177
13041,70,158
13042,74,155
13043,72,260
13045,67,194
13046,71,165
13047,69,175
13048,70,175
13050,68,175
13052,86,167
13054,69,189
13055,77,208
13056,71,205
13059,72,185
13067,75,200
13070,74,187
13071,72,207
13080,71,167
13084,71,142
13094,68,155
13096,73,180
13098,70,171
13110,69,274
13112,71,213
13113,64,155
13117,66,128
13183,71,206
13193,71,155
13199,68,205
13207,69,175
13217,73,201
13226,65,130
13242,66,160
13243,71,210
13249,74,155
13260,69,165
13302,69,204
13303,73,170
13304,77,195
13305,76,150
13308,75,165
13311,71,170
13331,72,235
13338,67,150
13339,80,220
13341,68,175
13350,73,200
13522,68,149
13572,71,185
13578,68,152
13580,69,210
13595,64,190
13627,71,185
13631,68,178
13634,78,220
13638,68,156
13647,69,140
13648,68,195
13650,68,180
13658,67,179
13669,70,174
13670,66,170
13673,71,150
13674,76,250
13676,69,175
13677,69,165
13679,69,205
13680,70,185
13682,68,190
13683,69,210
13684,70,224
13687,68,185
13692,70,200
13693,70,220
13694,70,180
13700,70,187
13705,66,190
13706,67,185
13708,69,187
13712,70,220
13714,69,190
13715,68,170
13718,67,150
13720,69,180
13723,71,195
13724,71,242
13726,73,215
13727,73,215
13728,74,215
13749,69,223
13754,66,160
13756,67,196
13759,72,211
13763,71,198
13764,70,170
13765,70,220
13766,69,190
13767,71,205
13768,69,200
13769,71,165
13773,66,160
13774,71,235
13777,70,180
13778,71,205
13780,68,185
13781,72,176
13783,68,185
13784,71,165
13785,68,168
13787,70,190
13789,69,175
13791,71,225
13795,66,159
13796,70,175
13797,72,200
13798,74,185
13799,62,189
13801,71,182
13802,69,210
13806,70,175
13807,74,225
13811,71,187
13814,71,199
13815,69,180
13816,69,198
13817,76,255
13820,71,204
13821,72,230
13822,65,198
13825,74,210
13828,69,175
13829,71,240
13831,68,210
13832,67,185
13833,72,235
13835,63,170
13836,75,240
13837,71,200
13838,74,220
13840,70,200
13841,73,239
13842,70,217
13843,78,240
13845,68,180
13848,74,197
13849,70,190
13851,68,177
13854,71,192
13856,68,195
13858,71,205
13861,74,200
13863,71,199
13865,71,214
13869,69,210
13871,71,175
13872,70,221
13873,70,180
13874,66,195
13875,69,175
13878,76,225
13879,68,175
13882,72,215
13883,71,188
13884,73,209
13886,69,175
13887,75,250
13888,67,188
13901,67,162
13902,72,210
13903,74,189
13904,72,165
13905,68,168
13906,68,185
13909,68,190
13912,72,205
13914,68,200
13915,73,225
13916,70,190
13917,65,167
13918,70,200
13919,68,210
13925,71,239
13927,68,150
13928,70,190
13929,71,209
13930,70,165
13931,71,185
13932,69,192
13934,74,227
13935,74,205
13936,71,188
13937,70,196
13938,71,180
13939,71,221
13941,69,180
13942,70,196
13943,66,210
13944,72,222
13945,70,177
13946,71,188
13947,72,209
13949,71,175
13950,73,195
13951,70,175
13954,68,180
13955,74,195
13956,71,0
13958,70,194
13959,71,220
13963,94,192
13965,70,176
13966,74,203
13967,69,160
13969,71,224
13970,70,215
13971,65,165
13973,69,190
13976,70,175
13977,69,189
13978,72,175
13979,72,210
13980,68,182
13981,68,170
13982,70,185
13992,66,130
13993,70,240
13994,72,195
13996,73,200
13997,68,190
13999,71,185
14000,72,219
14001,75,190
14003,64,168
14005,66,186
14006,74,213
14007,73,178
14009,70,166
14010,68,234
14011,70,205
14012,71,184
14013,70,180
14014,68,181
14016,61,144
14019,69,155
14021,70,175
14022,67,165
14023,71,230
14026,70,160
14029,68,160
14030,68,215
14031,67,194
14032,66,200
14033,65,180
14036,72,190
14037,67,161
14038,68,187
14039,70,175
14040,67,185
14041,73,230
14043,67,170
14044,73,160
14045,69,144
14047,67,180
14048,70,218
14062,70,175
14063,70,235
14064,69,195
14066,75,230
14067,69,190
14068,69,154
14069,69,205
14070,68,225
14071,70,185
14072,65,161
14073,66,140
14074,71,184
14075,71,210
14076,69,195
14077,67,155
14078,68,170
14079,72,230
14081,67,160
14082,71,190
14083,69,180
14085,66,154
14086,69,178
14087,70,166
14088,71,170
14089,68,210
14090,72,185
14092,66,131
14093,69,220
14094,79,205
14095,68,225
14096,75,227
14097,74,170
14098,73,235
14099,73,185
14101,69,180
14104,77,235
14106,66,181
14108,71,221
14109,67,170
14110,64,168
14114,64,214
14115,67,195
14116,69,185
14130,68,190
14131,69,180
14132,70,235
14133,72,190
14134,70,145
14141,74,285
14142,71,215
14143,76,180
14144,72,185
14146,77,265
14147,72,215
14148,74,225
14149,69,150
14151,71,208
14153,68,155
14154,71,145
14155,73,191
14156,69,165
14157,72,203
14158,70,160
14160,72,230
14161,71,250
14164,73,185
14165,67,135
14168,71,240
14170,70,171
14171,72,260
14172,68,120
14175,70,195
14176,71,180
14177,72,235
14178,72,195
14204,74,185
14205,72,183
14206,68,150
14208,69,175
14209,73,165
14210,72,210
14211,73,215
14212,74,235
14213,67,145
14214,75,220
14215,70,175
14216,74,205
14217,74,170
14243,70,205
14244,69,225
14245,70,167
14260,76,265
14262,74,205
14263,73,222
14268,66,166
14269,67,185
14270,67,190
14271,69,247
14272,67,180
14273,67,175
14274,72,205
14278,75,220
14280,70,220
14283,72,222
14287,67,190
14288,72,170
14290,74,210
14291,70,160
14296,74,240
14297,74,246
14298,68,212
14300,72,187
14302,71,213
14307,68,145
14308,74,225
14312,71,198
14313,67,150
14316,67,178
14317,71,165
14318,68,195
14319,66,172
14320,70,150
14321,76,180
14323,75,255
14326,72,210
14327,77,293
14328,74,220
14329,69,180
14331,68,145
14332,75,210
14333,72,220
14334,67,122
14335,66,140
14342,69,168
14343,73,220
14344,63,88
14348,71,200
14349,73,276
14351,74,180
14353,70,165
14357,66,195
14370,73,180
14371,73,180
14373,70,190
14374,72,155
14375,69,235
14376,73,175
14377,68,138
14378,72,210
14380,71,180
14381,72,150
14382,71,180
14383,69,160
14385,73,190
14387,74,215
14388,71,185
14389,72,185
14390,68,182
14391,65,156
14393,72,155
14394,71,155
14395,68,195
14396,67,125
14397,69,195
14398,70,200
14401,64,180
14402,71,180
14403,73,245
14409,69,128
14488,68,210
14498,71,190
14508,66,127
14522,73,213
14531,68,205
14533,72,198
14536,65,185
14539,74,185
14541,70,141
14547,73,195
14551,71,135
14554,69,203
14557,67,157
14558,69,165
14559,69,175
14569,71,240
14570,68,192
14571,68,155
14573,69,210
14575,70,150
14576,72,260
14577,67,155
14578,70,181
14579,70,180
14580,70,220
14583,70,180
14586,74,224
14587,68,175
14589,76,220
14592,72,190
14600,74,170
14602,66,135
14607,70,180
14608,69,145
14609,72,195
14611,70,176
14613,66,170
14618,71,241
14619,68,155
14621,70,180
14622,74,197
14629,72,191
14632,67,245
14633,71,213
14636,69,170
14637,70,230
14638,66,127
14639,68,190
14641,67,188
14642,68,200
14647,68,220
14648,71,195
14653,74,235
14654,72,185
14659,70,175
14665,74,172
14666,71,240
14667,70,185
14669,72,190
14675,66,168
14678,68,195
14682,68,187
14693,71,175
14699,70,195
14700,67,140
14701,67,185
14702,66,150
14703,67,170
14710,70,190
14711,72,185
14734,74,182
14737,67,205
14738,72,225
14739,73,240
14740,71,170
14741,68,223
14742,70,145
14743,73,222
14744,73,235
14745,69,165
14747,70,185
14748,66,160
14749,70,180
14750,72,185
14752,66,150
14753,73,225
14754,74,240
14755,72,230
14756,72,195
14758,69,155
14759,68,170
14760,71,205
14761,72,225
14762,73,230
14764,66,168
14765,70,190
14766,67,177
14767,71,220
14768,69,198
14769,76,225
14770,67,150
14771,76,270
14772,69,165
14773,67,189
14774,69,170
14775,72,205
14776,68,150
14777,67,174
14778,71,191
14779,74,218
14780,73,215
14781,68,155
14783,70,184
14785,68,220
14786,74,215
14787,69,190
14789,75,185
14790,77,250
14792,67,170
14793,71,190
14794,68,195
14795,71,260
14796,69,220
14797,70,265
14798,66,155
14799,72,230
14800,68,150
14813,73,200
14814,69,190
14816,72,228
14817,72,180
14818,71,220
14819,66,170
14821,69,215
14822,66,200
14823,72,215
14824,69,195
14830,70,200
14831,68,195
14832,71,210
14833,73,270
14834,69,170
14835,72,210
14836,74,248
14837,74,230
14838,66,215
14839,70,189
14840,72,225
14841,68,215
14842,75,250
14843,72,195
14844,70,175
14845,72,181
14846,66,194
14847,69,215
14849,69,193
14851,67,170
14852,68,196
14853,70,214
14854,71,220
14855,70,190
14858,72,170
14859,70,150
14861,70,220
14863,70,220
14866,64,156
14867,74,247
14869,70,160
14870,81,167
14871,71,220
14874,71,235
14876,69,225
14880,66,150
14882,68,200
14883,69,220
14884,68,145
14886,73,155
14887,74,220
14889,66,215
14890,69,166
14891,68,185
14892,72,165
14893,72,204
14894,71,220
14896,72,208
14897,75,210
14898,69,205
14899,67,160
14900,74,196
14904,72,235
14905,72,240
14906,70,220
14907,68,214
14908,72,170
14910,71,160
14911,68,176
14912,68,170
14913,72,158
14914,73,211
14915,67,168
14916,71,220
14917,70,167
14918,73,205
14922,68,185
14924,70,205
14926,68,198
14927,67,210
14929,66,170
14930,72,205
14931,72,210
14933,72,250
14934,72,235
14935,70,150
14936,74,200
14937,72,220
14938,70,200
14942,72,243
14943,68,185
14945,72,202
14946,73,215
14948,70,205
14949,73,195
14950,66,140
14951,72,195
14952,71,195
14953,72,210
14954,73,215
14955,70,205
14956,71,220
14957,72,242
14958,74,260
14959,74,185
14960,71,180
14961,74,165
14963,71,280
14964,74,220
14965,64,140
14966,73,185
14967,69,177
14968,75,160
14969,69,200
14970,72,165
14971,69,238
14972,72,200
14973,71,210
14974,70,155
14975,73,235
14976,68,187
14977,69,200
14978,74,190
14979,72,190
14980,72,255
14982,70,185
14983,66,175
14984,71,188
14986,69,175
14987,73,230
14989,69,178
14990,67,197
14992,68,155
14994,70,224
14995,70,197
14996,70,180
14997,66,157
14998,69,210
14999,71,190
15000,67,140
15001,74,200
15002,66,178
15022,68,190
15023,73,245
15024,67,145
15026,71,238
15027,69,215
15028,72,242
15029,71,206
15030,67,167
15031,78,170
15032,70,182
15033,69,170
15035,71,210
15036,72,180
15037,71,189
15038,70,237
15039,68,166
15040,73,210
15041,69,178
15043,71,210
15044,74,182
15052,66,140
15053,70,185
15056,66,150
15057,68,170
15058,70,155
15059,71,197
15062,70,215
15064,72,200
15065,69,210
15066,71,212
15067,71,167
15068,67,182
15069,67,195
15071,73,228
15072,68,184
15073,74,205
15075,64,160
15076,75,225
15078,69,190
15079,71,253
15080,74,209
15081,67,165
15082,72,178
15083,68,230
15084,71,194
15086,71,220
15087,69,188
15089,71,210
15091,71,219
15092,66,135
15093,66,190
15094,70,160
15096,64,178
15097,68,143
15098,71,175
15102,70,220
15105,65,140
15106,67,190
15110,70,220
15111,69,173
15112,71,170
15115,70,230
15116,68,135
15117,71,180
15119,70,178
15120,67,180
15121,67,150
15122,67,140
15123,70,202
15124,66,140
15126,72,240
15127,72,230
15128,69,230
15130,67,185
15132,74,247
15133,72,230
15135,69,160
15136,73,238
15137,65,130
15139,73,173
15140,71,204
15141,75,168
15142,75,310
15143,70,159
15144,69,175
15145,69,160
15146,63,130
15148,69,180
15149,72,160
15150,66,157
15151,74,250
15153,64,147
15176,69,210
15177,76,235
15178,74,220
15180,73,192
15181,68,168
15182,71,200
15185,70,152
15186,71,185
15187,75,193
15188,71,230
15189,75,225
15191,71,203
15192,66,152
15194,68,198
15195,68,257
15196,69,175
15198,72,169
15199,73,182
15200,69,143
15201,68,197
15203,65,145
15205,66,144
15207,72,187
15208,70,192
15209,67,184
15210,68,220
15211,66,172
15212,68,180
15213,71,209
15214,71,180
15215,73,215
15216,70,198
15218,61,135
15220,72,150
15221,67,173
15222,67,177
15223,64,165
15224,70,165
15225,66,230
15226,71,223
15227,68,173
15229,73,218
15230,70,171
15231,73,185
15232,73,200
15233,71,165
15235,72,200
15237,68,170
15239,72,175
15240,74,225
15243,70,160
15244,70,175
15246,77,212
15247,75,210
15248,68,180
15249,71,180
15251,73,216
15252,71,211
15253,68,165
15256,70,183
15257,69,200
15259,66,135
15260,72,218
15261,73,223
15263,71,217
15264,67,170
15275,74,190
15276,69,200
15279,65,167
15280,68,145
15282,66,180
15283,69,171
15284,72,185
15285,66,165
15286,72,235
15287,71,200
15289,72,170
15290,74,207
15291,73,200
15294,60,210
15295,75,220
15298,72,194
15300,71,205
15301,72,160
15304,75,190
15306,72,180
15309,72,186
15327,67,175
15366,72,220
15373,74,233
15375,67,170
15381,70,175
15384,68,155
15388,70,170
15390,69,165
15392,64,140
15395,66,135
15396,69,182
15404,72,201
15415,65,165
15421,72,200
15422,76,230
15427,68,172
15429,71,200
15433,69,160
15435,67,155
15442,63,158
15443,73,208
15444,68,150
15447,72,208
15450,68,209
15453,71,220
15454,66,168
15455,73,226
15456,69,225
15458,74,235
15461,75,265
15464,69,148
15467,69,165
15468,67,157
15469,75,173
15470,65,170
15476,70,255
15483,74,247
15484,71,198
15487,72,228
15488,65,150
15491,68,193
15492,66,193
15494,69,203
15495,69,172
15499,67,175
15500,69,158
15502,75,190
15503,71,180
15504,72,175
15506,69,215
15507,74,200
15508,66,203
15509,77,215
15514,70,185
15517,71,160
15522,69,180
15528,70,156
15535,68,182
15540,70,140
15549,71,185
15554,70,200
15560,66,128
15561,63,135
15571,68,183
15604,72,180
15607,74,207
15608,69,230
15611,70,225
15612,72,300
15615,68,195
15619,72,165
15625,69,185
15629,73,175
15632,69,225
15638,72,200
15639,68,201
15641,74,212
15646,64,153
15651,71,162
15658,71,200
15662,71,176
15667,71,206
15676,76,180
15682,71,145
15684,65,164
15700,68,170
15704,66,195
15720,71,200
15721,69,184
15724,72,234
15725,70,150
15728,74,210
15729,73,230
15731,73,210
15733,72,250
15735,65,160
15738,70,210
15740,69,195
15744,69,180
15756,70,185
15759,69,155
15763,71,215
15781,66,168
15782,72,256
15784,69,165
15786,72,205
15790,75,200
15793,69,190
15796,71,225
15799,72,175
15800,69,140
15802,70,217
15804,73,180
15807,69,150
15814,71,235
15821,67,167
15823,71,190
15824,68,198
15825,73,180
15827,73,225
15828,74,205
15831,64,154
15853,69,154
15858,70,156
15862,71,148
15872,67,180
15876,65,146
15883,70,200
15889,75,163
15892,70,150
15902,72,230
15903,71,180
15907,76,280
15908,68,181
15909,65,155
15910,75,248
15911,67,173
15914,66,167
15919,71,160
15920,69,185
15922,67,185
15923,67,135
15924,69,210
15925,68,195
15927,68,165
15929,76,220
15932,68,197
15933,67,230
15934,71,250
15936,69,188
15938,72,195
15939,75,225
15940,72,182
15941,74,275
15942,69,155
15943,69,160
15945,66,207
15948,68,165
15949,68,230
15950,70,198
15953,73,150
15954,70,204
15955,74,235
15956,71,240
15957,68,165
15964,68,210
15967,65,167
15970,66,183
15979,73,225
15982,73,205
15988,70,198
15996,74,230
15998,69,176
16005,68,140
16008,69,200
16012,66,145
16016,68,155
16018,70,171
16022,68,149
16025,71,190
16028,69,180
16029,77,300
16032,71,195
16033,68,142
16034,73,160
16035,71,180
16040,73,180
16041,72,230
16042,72,255
16043,69,178
16044,68,211
16045,73,230
16046,66,188
16087,68,195
16156,75,260
16160,66,162
16165,73,170
16175,67,170
16179,72,210
16180,72,228
16192,71,183
16198,72,200
16201,72,153
16214,65,214
16224,66,184
16234,70,200
16239,69,210
16240,74,231
16244,72,220
16251,72,218
16263,69,155
16265,68,155
16266,71,215
16284,68,213
16291,67,134
16294,70,189
16295,73,215
16297,71,180
16303,72,156
16310,73,215
16313,73,190
16329,69,155
16330,73,180
16335,68,200
16336,74,195
16338,65,195
16340,68,205
16345,73,155
16350,70,187
16362,66,180
16365,73,190
16366,70,184
16367,69,190
16370,77,210
16371,76,185
16372,68,193
16373,71,240
16386,66,137
16387,74,260
16391,69,217
16397,70,175
16403,74,181
16405,70,190
16406,75,245
16412,72,195
16415,77,225
16416,76,265
16417,72,170
16418,70,250
16420,66,187
16421,68,170
16422,72,180
16427,71,188
16428,70,205
16433,72,210
16434,67,147
16435,72,172
16439,70,270
16441,75,200
16444,73,230
16448,69,175
16449,70,200
16450,69,211
16451,67,165
16454,69,175
16455,72,215
16457,75,250
16460,71,210
16463,69,145
16464,67,165
16465,72,193
16466,67,192
16469,67,135
16470,72,225
16471,71,180
16472,71,160
16474,72,200
16487,71,130
16489,70,215
16490,73,189
16491,74,178
16492,69,175
16493,71,194
16497,68,150
16498,67,215
16500,75,195
16501,68,140
16599,69,167
16602,71,180
16605,70,155
16606,75,207
16609,70,215
16611,75,195
16613,74,195
16614,68,165
16620,73,227
16623,68,195
16624,71,152
16625,70,138
16626,65,160
16629,63,135
16639,75,255
16652,68,135
16662,69,182
16663,68,180
16664,68,200
16674,73,152
16684,73,220
16685,73,186
16689,73,230
16723,68,155
16732,69,185
16733,70,160
16734,72,175
16735,69,185
16736,70,180
16737,73,200
16738,71,197
16740,70,178
16741,71,175
16745,72,200
16746,65,180
16747,71,155
16769,69,160
16770,69,217
16772,70,150
16773,69,182
16776,71,222
16777,74,195
16779,72,190
16782,70,140
16784,69,160
16793,69,185
16796,64,137
16797,67,158
16799,73,195
16802,70,192
16803,67,180
16804,71,175
16805,75,260
16807,73,195
16809,70,165
16810,71,165
16812,69,210
16814,66,128
16815,70,200
16818,72,170
16820,67,165
16821,69,145
16822,69,185
16826,66,130
16828,69,210
16830,72,190
16831,72,210
16832,73,202
16844,73,150
16853,67,126
16859,73,180
16862,73,185
16863,70,210
16870,73,195
16872,72,200
16873,75,270
16876,70,220
16877,72,160
16879,67,180
16880,72,212
16882,68,174
16883,67,180
16884,67,156
16885,69,165
16887,74,190
16888,71,250
16893,72,240
16896,72,236
16897,72,180
16899,69,179
16900,71,236
16902,69,158
16912,72,200
16913,75,255
16914,76,270
16916,66,140
16917,77,280
16918,73,220
16919,70,200
16921,60,220
16923,67,180
16924,72,170
16925,70,209
16929,69,172
16930,65,182
16931,69,214
16932,68,165
16933,73,235
16943,69,195
16944,69,178
16945,73,225
16946,70,210
16947,68,128
16948,70,195
16949,71,206
16950,69,172
16952,69,175
16953,67,195
16955,73,230
16956,69,190
16957,74,210
16959,68,175
16961,68,185
16964,69,164
16965,70,175
16967,70,210
16969,71,195
16978,78,245
16981,74,215
16982,67,157
16983,67,155
16985,70,200
16987,73,170
16996,68,190
16997,66,148
16998,69,200
17002,67,238
17005,62,198
17006,69,200
17009,76,230
17010,67,150
17011,74,250
17012,66,198
17015,70,160
17020,76,217
17022,68,170
17023,70,200
17024,68,215
17025,69,205
17029,71,200
17030,74,186
17036,70,186
17040,71,230
17044,62,138
17045,80,140
17046,70,240
17049,69,168
17052,72,203
17054,73,182
17055,71,180
17057,70,168
17060,69,200
17061,69,200
17062,69,150
17066,67,150
17071,66,194
17072,69,230
17075,73,225
17081,74,250
17082,69,245
17085,69,180
17089,67,148
17090,69,181
17091,74,175
17095,68,160
17099,65,130
17100,68,180
17101,70,190
17102,72,255
17103,70,225
17104,71,220
17106,70,205
17110,72,204
17112,72,192
17115,73,215
17116,75,198
17117,73,225
17124,66,204
17125,71,175
17126,72,190
17127,70,235
17129,63,155
17130,71,210
17131,69,155
17132,68,188
17137,68,140
17138,71,135
17139,74,220
17141,72,187
17148,72,180
17150,70,215
17152,70,169
17156,69,170
17169,68,160
17191,63,136
17200,76,190
17206,71,137
17209,70,150
17222,71,165
17227,68,221
17232,71,137
17234,69,170
17236,70,157
17237,72,190
17239,64,170
17240,70,190
17241,77,280
17243,67,140
17244,72,136
17245,74,235
17246,72,255
17250,69,204
17251,67,161
17253,74,190
17256,66,160
17258,66,170
17259,71,190
17264,70,160
17267,68,180
17268,69,218
17272,66,145
17273,70,206
17275,75,160
17278,67,195
17281,74,180
17283,67,240
17284,69,200
17285,73,165
17286,66,148
17291,75,215
17294,70,165
17295,72,177
17301,69,135
17305,65,150
17314,65,160
17317,67,190
17319,68,200
17322,71,185
17323,70,175
17326,69,220
17328,70,210
17329,69,223
17330,71,170
17332,70,210
17335,72,275
17337,69,178
17339,72,190
17341,70,251
17345,70,203
17352,68,175
17356,68,175
17358,67,220
17363,68,214
17365,73,200
17378,70,196
17379,71,220
17381,70,180
17382,65,163
17384,72,180
17386,69,240
17389,71,280
17392,76,230
17394,69,155
17395,65,145
17396,70,280
17398,70,210
17400,73,170
17403,74,185
17404,75,192
17405,67,184
17407,70,182
17414,68,139
17417,69,185
17418,70,161
17421,69,193
17424,70,235
17426,67,160
17428,69,155
17429,71,250
17434,65,127
17442,66,155
17448,70,222
17452,74,178
17453,70,200
17491,73,190
17500,66,182
17501,71,200
17503,70,195
17505,68,215
17506,66,148
17507,67,170
17509,66,185
17511,75,165
17512,70,165
17513,68,160
17525,70,180
17528,69,210
17530,65,143
17531,69,195
17533,71,195
17570,75,300
17614,73,225
17615,66,135
17617,72,180
17620,73,195
17622,70,198
17624,74,186
17625,72,225
17628,70,201
17629,72,165
17631,70,172
17636,73,175
17638,71,185
20017,74,220
20023,67,150
20026,71,155
20027,71,185
20029,74,246
20035,70,179
20037,70,165
20038,72,160
20041,69,157
20043,79,200
20050,70,215
20052,70,180
20054,70,178
20057,70,177
20058,66,180
20059,66,170
20060,67,165
20061,71,210
20062,66,190
20063,70,198
20064,70,225
20065,70,275
20066,71,225
20067,71,230
20068,67,198
20069,78,257
20070,73,279
20071,72,210
20072,69,165
20073,64,148
20075,66,160
20076,66,175
20081,71,185
20083,70,165
20084,67,200
20085,72,175
20086,70,205
20103,73,234
20112,74,206
20115,67,150
20123,72,212
20139,70,150
20149,70,205
20153,74,196
20156,66,170
20159,65,177
20167,71,236
20168,70,215
20171,71,194
20183,70,170
20185,72,180
20188,64,153
20198,69,180
20206,66,195
20209,72,198
20211,71,170
20221,69,170
20226,72,205
20232,69,155
20234,72,203
20236,74,240
20242,69,150
20255,70,242
20266,68,195
20271,64,145
20272,68,141
20279,70,160
20280,72,203
20286,72,155
20288,72,205
20290,70,144
20292,74,225
20294,74,165
20298,75,195
20305,64,150
20307,67,145
20329,65,150
20376,69,140
20377,70,153
20384,66,155
20387,69,200
20398,66,173
20399,72,190
20406,67,220
20411,72,202
20454,69,175
20468,64,163
20483,74,185
20528,72,185
20533,66,195
20537,75,185
20550,73,220
20570,66,180
20573,81,185
20598,71,206
20601,78,270
20615,69,175
20616,67,140
20625,64,183
20626,74,280
20629,64,154
20630,69,215
20638,68,244
20652,70,170
20702,66,130
20714,71,220
20715,68,164
20719,68,173
20729,68,175
20731,70,230
20732,67,190
20734,70,208
20741,70,190
20745,67,181
20746,69,184
20753,73,160
20755,69,217
20758,70,168
20777,71,250
20784,66,150
20795,68,197
20799,69,190
20800,70,155
20803,68,180
20804,70,162
20812,73,193
20824,73,213
20829,71,185
20830,66,170
20841,69,165
20843,68,170
20845,68,160
20847,66,141
20851,70,165
20866,67,160
20869,67,170
20878,71,190
20885,69,223
20891,67,185
20893,72,180
20896,73,181
20902,73,260
20903,77,215
20912,71,145
20935,69,195
20943,68,170
20945,68,139
20955,67,160
20958,70,145
20965,77,156
20971,72,195
20977,71,174
20992,71,160
21002,71,158
21013,69,145
21015,72,180
21032,72,165
21041,71,200
21049,69,250
21054,72,190
21078,73,200
21079,73,250
21104,69,187
21126,69,153
21130,67,190
21141,67,200
21147,71,187
21152,69,187
21169,66,210
21270,70,170
21272,65,175
21300,70,155
21321,66,160
21332,66,170
21337,74,215
21339,67,200
21347,74,185
21348,68,220
21351,71,170
21352,68,160
21364,75,165
21365,65,160
21366,74,255
21371,68,177
21379,68,194
21390,69,180
21393,74,241
21438,71,160
21606,65,168
21607,67,145
21610,68,186
21614,69,218
21626,65,207
21627,67,200
21628,73,235
21656,71,175
21659,70,185
21676,74,225
21738,70,199
21742,67,198
21746,67,173
21748,68,173
21756,72,160
21759,70,190
21764,66,168
21765,65,158
21776,73,163
21804,68,165
21812,67,174
21816,72,225
21828,68,210
21831,68,181
21838,73,240
21841,70,225
21850,72,218
21870,68,198
21896,66,200
21898,69,168
21917,70,175
21930,65,140
21938,67,142
21967,70,210
21992,74,195
22103,65,150
22106,69,170
22107,71,250
22108,72,135
22109,67,130
22110,70,190
22111,73,235
22112,76,220
22113,66,175
22114,70,190
22115,68,185
22116,72,158
22117,74,170
22118,80,200
22119,72,165
22120,67,145
22121,68,201
22122,70,168
22123,72,178
22124,66,150
22127,68,143
22128,67,180
22129,72,170
22131,67,150
22132,72,185
22133,70,175
22134,72,170
22135,66,230
22136,75,190
22139,72,150
22140,70,186
22142,68,200
22594,69,165
23176,73,185
23182,70,258
23191,66,155
23192,72,229
23204,69,240
23208,70,195
23215,76,224
23227,74,260
23231,75,215
23237,71,147
23246,71,185
23247,71,220
23250,70,155
23261,69,225
23270,80,210
23279,69,174
23280,72,200
23283,66,182
23287,69,150
23298,66,267
23303,71,180
23304,70,170
23305,69,201
23310,66,175
23313,72,192
23315,70,190
23319,68,185
23320,71,247
23321,69,218
23322,73,225
23325,69,170
23327,69,160
23337,69,190
23338,71,135
23340,65,142
23342,69,185
23362,73,175
23369,71,225
23379,71,215
23382,66,145
23408,72,175
23413,70,150
23415,71,202
23420,67,154
23423,67,150
23424,65,170
23425,76,168
23427,68,158
23428,72,160
23431,71,185
23447,71,157
23450,74,170
23455,67,160
23458,68,210
23459,71,203
23473,71,175
23477,69,210
23479,71,185
23484,67,165
23496,69,175
23502,66,155
23506,71,190
23512,67,160
23535,74,220
23545,64,170
23551,70,225
23562,72,215
23566,70,190
23571,72,170
23579,69,162
23586,71,198
23604,71,168
23606,67,174
23610,67,180
23616,72,225
23625,65,180
23681,71,175
23682,66,166
23689,74,175
23690,70,185
23692,65,155
23701,63,150
23702,66,165
23711,70,140
23721,70,192
23723,79,225
23724,70,189
23731,69,172
23733,72,254
23735,70,190
23739,70,230
23742,66,215
23754,71,210
23761,72,190
23770,68,175
23771,72,165
23775,66,160
23778,71,205
23786,69,182
23788,68,174
23791,72,193
23793,66,178
23795,66,144
23803,69,178
23810,71,162
23813,70,212
23827,69,220
24012,73,175
24037,68,208
24065,69,175
24091,67,155
24120,68,165
24122,74,160
24123,69,187
24127,70,145
24130,73,209
24136,68,150
24139,69,182
24163,75,175
24168,66,178
24169,68,180
24171,72,170
24175,68,150
24198,67,150
24201,70,215
24207,69,180
24213,68,200
24223,67,194
24227,72,155
24237,68,165
24245,68,249
24246,71,180
24249,65,150
24253,68,178
24254,74,185
24257,66,207
24258,73,165
24264,72,165
24265,72,180
24266,67,150
24270,65,145
24272,73,171
24273,68,170
24274,72,150
24277,69,171
24285,65,120
24286,67,170
24287,68,187
24290,68,210
24294,64,160
24295,71,180
24300,67,225
24301,68,145
24303,74,193
24305,73,226
24319,67,165
24324,73,200
24328,71,195
24331,67,162
24334,73,200
24335,71,180
24337,70,185
24338,73,180
24343,74,220
24344,68,145
24358,71,160
24361,74,185
24373,76,200
24375,69,175
24381,73,230
24399,67,175
24403,74,175
24404,67,130
24411,72,225
24415,71,200
24422,73,213
24429,69,170
24432,67,163
24433,69,170
24437,71,180
24439,70,162
24446,68,185
24449,74,180
24459,70,170
24467,72,190
24468,67,150
24483,67,198
24487,71,230
24488,67,177
24489,70,173
24491,69,205
24502,69,200
24509,78,240
24529,72,190
24535,70,158
24537,71,157
24538,70,183
24541,67,163
24544,63,155
24545,66,137
24549,72,195
24559,73,215
24563,69,195
24564,67,170
24568,68,178
24584,72,145
24586,73,190
24612,70,165
24615,73,180
24619,74,175
24620,68,155
24625,71,175
24626,71,169
24630,71,180
24649,66,140
24653,67,200
24661,70,165
24665,66,150
24671,68,170
24681,73,245
24684,70,165
24698,72,178
24707,70,209
24708,72,200
24712,69,185
24718,67,165
24721,73,180
24724,70,208
24764,70,170
24766,71,200
24767,71,185
24779,69,165
24797,71,173
24804,66,170
24817,64,160
24818,69,170
24827,68,170
24829,65,178
24838,68,194
24852,73,155
24855,68,190
24862,72,192
24868,65,160
24870,74,194
24874,73,265
24876,69,169
24881,68,150
24886,69,150
24892,69,185
24894,67,135
24896,70,150
24898,68,183
24901,67,129
24912,70,187
24922,75,205
24925,69,170
24934,72,180
24940,74,190
24941,71,210
24943,68,170
24946,72,182
24949,72,195
24957,71,145
24965,73,200
24979,71,245
24981,70,206
24982,71,165
24984,69,220
24988,70,150
24991,72,168
24995,71,174
24997,75,205
25000,74,235
25006,71,197
25007,72,253
25008,65,138
25013,66,140
25014,72,181
25136,69,189
25141,74,257
25142,68,195
25145,66,180
25149,69,170
25154,72,190
25158,73,198
25164,72,160
25167,69,185
25168,70,220
25173,68,200
25176,69,170
25185,66,186
25187,70,175
25196,72,215
26147,76,165
26148,63,125
26151,70,150
26152,73,165
26154,68,165
26155,74,148
26157,66,150
26158,72,190
26159,73,180
26160,67,150
26164,71,165
26165,69,143
26168,70,142
26169,65,155
26170,70,173
26173,68,185
26185,69,170
26187,69,185
26188,65,125
26189,68,200
26190,66,140
26192,66,170
26193,74,173
26195,69,160
26197,63,138
26200,72,205
26207,67,150
26208,67,155
26214,72,169
26602,71,245
26604,72,157
26607,71,190
26608,71,174
26609,67,151
26613,67,135
26615,71,175
26616,69,160
26617,73,200
26621,68,131
26624,72,165
26625,69,170
26626,67,176
26628,75,205
26630,65,150
26633,68,150
26634,73,223
26636,64,150
26637,71,175
26638,72,177
26639,67,200
26640,70,170
26646,74,170
26647,70,210
26649,71,170
26651,75,202
26654,72,170
26655,69,165
26657,72,185
26663,71,175
26664,67,132
26665,70,170
26666,74,180
26668,72,193
26669,73,175
26671,73,187
26673,67,150
26674,69,196
26676,72,230
26677,71,165
26680,72,180
26682,71,195
26684,71,172
26686,73,160
26687,66,150
26689,72,206
26690,70,167
26694,71,178
26695,73,175
26702,70,176
26703,72,190
26704,69,163
26706,71,150
26707,67,147
26708,69,170
26709,67,135
26714,70,182
26720,71,168
26726,74,220
26727,74,190
26729,76,204
26730,69,145
26733,69,150
26735,69,195
26736,71,160
26737,68,175
26738,60,105
26740,69,176
26746,70,200
26748,71,160
26750,70,165
26751,70,185
26753,72,134
26755,67,145
26756,73,198
26757,72,148
26758,71,160
26764,66,148
26765,70,160
26766,72,175
26768,72,170
26769,68,180
26770,69,150
26772,71,179
26774,67,168
26775,71,170
26777,67,142
26781,73,143
26782,64,165
26784,66,208
26785,64,150
26786,67,145
26789,70,175
26792,74,215
26796,71,170
26797,70,170
26799,68,180
26800,69,154
26803,68,191
26806,70,162
26808,73,215
26809,74,162
26812,77,235
26814,74,245
26818,70,176
26819,71,155
26826,71,210
26827,71,192
26828,66,137
26829,71,185
26831,72,197
26832,71,170
26836,70,160
26838,72,175
26839,74,180
26842,68,170
26843,72,200
26844,73,210
26845,68,180
26847,73,210
26852,72,182
26855,69,184
26857,69,205
26858,72,225
26860,70,166
26861,70,145
26862,75,210
26865,66,135
26867,70,165
26869,63,150
26870,65,152
26871,71,154
26872,63,158
26874,69,170
26878,71,190
26881,71,173
26883,65,170
26884,67,220
26885,66,180
26886,69,180
26887,73,110
26888,74,172
26893,70,185
26895,67,172
26898,67,160
26899,75,174
26901,75,220
26904,77,220
26907,68,225
26913,72,215
26916,66,212
26917,70,272
26918,72,190
26919,69,205
26921,66,185
26922,68,185
26925,72,225
26928,69,179
26931,71,178
26932,77,285
26934,70,205
26936,67,167
26938,68,139
26942,71,196
26944,70,165
26946,68,195
26949,72,183
26953,67,172
26954,72,185
26955,68,125
26959,74,235
26962,71,153
26964,71,230
26965,72,247
26967,64,118
26970,67,188
26975,75,214
26976,71,195
26977,72,160
26978,74,209
26985,69,135
26986,69,210
26987,68,160
26989,70,180
26993,71,232
26996,69,235
26997,68,180
26998,69,170
26999,70,193
27004,72,193
27005,70,220
27006,73,233
27007,72,150
27008,71,195
27009,72,178
27010,69,160
27011,69,170
27016,66,155
27017,66,155
27022,74,180
27023,67,177
27024,76,210
27027,70,193
27028,72,165
27029,68,207
27030,69,205
27031,70,195
27032,71,155
27034,70,190
27038,68,168
27039,68,135
27041,70,170
27046,65,149
27047,68,135
27051,73,260
27052,68,188
27054,70,158
27057,74,245
27062,72,196
27063,72,240
27065,66,139
27110,73,210
27111,68,185
27112,72,190
27114,74,185
27115,68,170
27119,73,178
27120,67,165
27122,69,150
27123,67,151
27124,73,240
27125,64,158
27126,73,177
27127,70,229
27130,69,135
27133,69,200
27135,70,135
27136,65,155
27138,71,241
27141,64,123
27142,66,200
27143,75,180
27147,73,205
27148,68,190
27149,68,200
27150,76,321
27152,72,165
27155,71,235
27156,71,225
27157,67,140
27158,68,138
27160,75,225
27161,71,155
27162,77,210
27163,69,170
27164,70,190
27166,74,160
27167,65,150
27168,74,245
27169,71,225
27170,68,195
27173,69,200
27175,66,180
27178,67,175
27181,67,168
27182,67,201
27184,73,150
27185,71,190
27187,66,153
27188,70,195
27191,68,160
27196,68,170
27198,73,210
27199,72,203
27200,73,196
27206,71,190
27207,70,164
27210,71,230
27247,68,210
27248,71,210
27249,69,196
27250,72,210
27251,74,195
27252,66,180
27254,71,175
27257,70,193
27258,71,205
27260,69,205
27261,73,150
27262,72,170
27264,69,205
27265,76,205
27266,66,175
27268,70,230
27269,72,165
27270,69,185
27271,66,180
27272,73,210
27273,73,204
27274,68,162
27275,66,161
27276,68,178
27278,70,186
27279,71,165
27280,69,190
27281,72,185
27283,70,215
27284,71,179
27285,66,180
27286,71,190
27287,70,195
27288,69,155
27289,71,184
27290,67,170
27291,73,185
27292,73,250
27293,70,175
27294,73,190
27296,70,169
27297,70,177
27298,70,185
27299,71,206
27300,70,193
27301,70,180
27302,74,226
27304,67,155
27305,68,180
27306,68,198
27311,72,190
27312,71,198
27314,67,150
27315,70,168
27316,78,235
27319,68,146
27320,72,210
27322,66,170
27324,62,140
27325,67,174
27327,71,210
27328,72,170
27329,71,189
27330,69,202
27331,69,180
27334,69,195
27336,73,185
27339,74,183
27340,70,187
27341,68,140
27347,67,170
27349,72,203
27350,69,158
27351,72,241
27352,70,210
27354,71,180
27355,70,215
27360,70,140
27361,66,175
27362,75,185
27365,70,168
27366,71,205
27367,67,175
27369,69,210
27370,69,171
27371,62,125
27372,68,160
27373,74,230
27375,73,158
27379,73,210
27380,75,229
27383,72,204
27384,77,225
27390,71,155
27391,72,204
27393,66,150
27395,77,240
27396,74,210
27400,70,197
27402,74,215
27404,69,200
27405,70,188
27407,66,125
27410,71,209
27411,68,188
27412,68,190
27415,70,185
27416,66,185
27417,73,220
27418,69,181
27419,68,210
27421,73,215
27422,68,191
27425,71,150
27426,69,135
27427,64,165
27428,70,140
27429,73,190
27430,69,190
27431,69,194
27432,66,167
27433,62,137
27434,68,165
27436,66,178
27485,72,210
27487,72,170
27489,73,184
27490,69,184
27492,72,230
27495,72,174
27496,65,178
27497,75,245
27499,71,233
27504,70,228
27505,69,184
27506,75,250
27508,74,224
27509,71,179
27512,69,155
27513,71,218
27514,70,210
27515,68,183
27516,70,250
27517,74,185
27519,66,200
27522,72,188
27523,69,210
27524,70,215
27525,69,222
27530,69,195
27531,69,220
27535,67,200
27536,70,210
27537,73,250
27538,65,160
27539,69,165
27540,68,175
27541,72,180
27544,72,200
27546,75,165
27547,74,183
27548,72,185
27550,71,200
27551,72,228
27555,73,180
27557,78,220
27560,73,210
27563,67,158
27564,67,135
27566,75,180
27568,69,169
27569,71,205
27571,66,210
27572,69,182
27573,74,195
27574,73,205
27575,71,140
27577,66,170
27583,71,150
27585,71,190
27586,70,178
27587,69,165
27588,74,230
27590,76,221
27591,72,180
27592,69,170
27594,71,235
27595,72,184
27597,66,170
27598,70,140
27600,67,142
27601,67,165
27602,67,150
27603,69,183
27604,74,230
27605,67,180
27606,71,201
27607,70,210
27641,65,156
27642,74,265
27643,75,210
27645,60,160
27646,71,225
27647,72,199
27649,74,230
27651,67,155
27655,71,190
27656,66,170
27657,70,170
27661,70,171
27662,66,116
27668,70,153
27670,67,185
27674,71,195
27675,65,166
27676,74,145
27679,68,120
27680,72,210
27681,66,160
27682,70,200
27684,76,230
27686,69,148
27690,67,150
27693,76,250
27694,74,175
27695,66,185
27698,74,205
27700,71,179
27701,70,183
27703,71,150
27704,67,178
27706,69,205
27707,68,175
27708,74,180
27709,74,195
27710,72,175
27711,75,225
27714,72,185
27715,77,240
27716,70,228
27717,68,173
27718,68,157
27721,67,175
27722,69,175
27725,71,176
27727,66,193
27728,69,169
27732,66,200
27733,67,170
27735,71,194
27739,70,196
27740,71,195
27741,73,215
27743,72,240
27744,66,170
27746,70,175
27747,71,148
27748,66,125
27751,70,190
27752,67,142
27753,74,205
27756,70,169
27758,67,150
27759,72,178
27760,72,165
27762,68,140
27764,68,150
27766,69,182
27769,70,172
27772,72,186
27773,71,210
27778,66,173
27779,70,162
27780,66,160
27781,70,165
27782,66,215
27783,73,210
27784,69,150
27786,72,188
27790,68,175
27791,67,210
27794,73,185
27798,74,210
27799,71,240
27800,72,201
27801,71,230
27802,70,145
27803,69,178
27804,70,192
27807,74,213
27810,67,155
27811,70,160
27812,71,220
27814,68,190
27817,68,160
27818,71,220
27822,73,152
27823,73,195
27826,69,187
27828,72,198
27830,70,214
27832,67,165
27833,66,173
27854,66,130
27857,66,155
27859,69,178
27860,70,170
27861,67,150
27863,72,210
27867,77,180
27870,72,160
27874,69,232
27875,74,205
27876,65,210
27877,67,220
27879,74,152
27881,74,179
27882,69,195
27884,69,196
27885,71,175
27886,75,186
27889,65,139
27890,70,200
27892,72,215
27893,65,158
27896,70,190
27898,71,176
27904,68,208
27905,68,190
27907,77,218
27910,69,135
27911,69,240
27913,71,205
27915,67,155
27916,68,163
27917,64,153
27918,74,240
27919,66,225
27926,70,160
27927,69,220
27929,70,195
27931,66,205
27933,68,170
27934,65,195
27935,66,180
27936,70,185
27937,70,205
27938,71,220
27939,68,179
27941,72,175
27942,76,245
27943,67,174
27944,76,275
27945,71,180
27946,67,175
27947,70,185
27948,68,181
27949,69,190
27951,71,185
27953,70,225
27955,69,200
27956,72,155
27959,74,220
27961,69,175
27962,71,210
27964,69,160
27965,66,145
27967,72,230
27971,71,210
27973,71,245
27974,71,195
27976,74,185
27981,69,185
27985,70,185
27986,68,165
27987,71,164
27989,72,175
27990,70,204
27991,68,156
27992,79,225
27996,70,190
27997,74,220
28001,69,130
28003,72,170
28004,67,145
28006,71,247
28007,67,190
28010,70,185
28011,71,155
28012,73,165
28013,69,189
28014,70,202
28016,72,207
28017,72,200
28018,72,215
28019,70,175
28020,77,174
28021,67,210
28022,72,240
28023,76,188
28025,72,240
28026,75,215
28027,67,140
28028,71,207
28029,66,170
28035,73,200
28037,70,235
28038,69,130
28039,71,190
28040,67,150
28041,65,183
28042,69,225
28043,71,168
28044,67,190
28045,68,220
28046,71,215
28048,78,157
28050,71,195
28051,66,220
28052,63,150
28053,72,235
28054,76,205
28056,72,215
28057,69,238
28058,68,157
28059,69,163
28060,69,245
28061,68,150
28062,69,165
28065,72,220
28066,77,218
28067,73,245
28069,72,165
28073,67,215
28074,74,190
28075,72,270
28076,69,140
28077,71,212
28078,67,170
28080,67,158
28082,69,195
28083,74,220
28084,71,200
28085,66,175
28100,69,195
28102,67,190
28103,67,145
28104,73,210
28105,73,172
28106,70,194
28108,71,196
28109,69,208
28110,71,220
28111,72,220
28113,67,193
28114,74,240
28115,71,162
28116,64,145
28117,74,225
28118,68,155
28120,76,192
28121,69,170
28122,73,170
28123,74,260
28124,66,220
28125,77,240
28128,72,230
28129,66,155
28130,71,226
28131,73,175
28133,70,200
28135,68,180
28136,67,195
28139,73,180
28140,67,169
28142,75,200
28145,69,175
28146,66,155
28147,71,165
28149,71,160
28150,69,175
28151,69,165
28152,66,160
28184,67,135
28185,66,175
28186,64,125
28188,71,160
28190,72,198
28192,74,160
28196,66,185
28198,71,160
28200,71,185
28201,72,177
28202,71,165
28205,68,165
28206,70,205
28207,72,185
28208,69,200
28209,72,185
28210,71,195
28213,72,173
28214,64,140
28215,67,190
28219,66,155
28220,67,175
28222,67,190
28224,63,155
28231,69,180
28235,67,181
28237,67,196
28314,76,175
28316,70,168
28317,76,179
28319,76,210
28320,75,195
28321,71,205
28322,74,215
28323,68,202
28324,70,220
28325,68,172
28326,71,244
28327,69,220
28328,67,180
28330,67,155
28332,70,192
28333,69,186
28335,71,230
28336,68,175
28337,72,158
28339,70,185
28340,71,215
28341,65,220
28342,70,190
28343,71,175
28344,72,190
28345,71,225
28348,68,156
28349,72,189
28351,67,226
28352,70,185
28353,72,212
28355,68,150
28356,67,185
28358,73,205
28359,71,240
28360,70,210
28362,67,180
28363,65,160
28365,69,200
28366,71,233
28367,71,227
28368,67,176
28369,69,184
28370,71,194
28372,69,196
28373,75,220
28374,73,250
28375,66,168
28376,74,249
28377,76,236
28379,71,279
28380,73,215
28381,68,200
28382,66,175
28383,68,192
28384,72,211
28385,71,182
28389,67,155
28390,69,206
28391,69,200
28392,71,205
28393,75,225
28394,71,160
28395,69,135
28396,67,155
28398,69,171
28399,72,172
28400,68,260
28401,75,237
28404,69,175
28405,68,165
28406,67,160
28408,71,180
28410,71,180
28411,68,175
28413,70,180
28414,70,155
28416,73,220
28419,69,176
28420,68,175
28421,75,240
28422,71,166
28423,73,210
28424,69,185
28425,71,184
28427,67,160
28428,67,170
28429,71,173
28431,68,219
28432,69,185
28433,67,205
28435,71,185
28437,75,285
28438,68,185
28439,71,173
28440,68,242
28443,66,150
28448,67,150
28449,69,140
28450,65,150
28451,68,157
28454,69,201
28456,66,175
28458,76,270
28459,68,175
28460,74,196
28461,68,190
28463,72,185
28464,73,210
28466,70,185
28469,69,150
28470,72,200
28471,70,167
28472,68,154
28473,71,170
28474,71,192
28476,71,200
28477,75,190
28478,67,129
28479,72,285
28480,71,200
28483,67,183
28484,74,173
28485,70,175
28486,75,255
28488,67,152
28489,66,218
28490,69,170
28491,68,155
28492,76,185
28493,68,155
28495,72,163
28496,67,160
28497,70,210
28498,69,179
28526,71,191
28527,72,175
28528,71,205
28529,72,210
28530,67,197
28532,68,190
28533,64,133
28534,69,235
28535,69,175
28536,65,175
28538,72,200
28539,72,250
28540,72,242
28541,69,210
28542,68,198
28543,71,237
28544,73,118
28546,70,211
28547,72,212
28549,72,171
28551,68,186
28552,68,200
28554,67,188
28555,65,175
28556,69,185
28558,67,190
28559,75,195
28575,66,149
28576,75,209
28577,73,210
28578,72,215
28580,74,179
28582,72,178
28585,68,145
28586,70,185
28587,71,200
28617,75,197
28618,66,175
28620,71,242
28621,70,185
28622,70,192
28623,65,180
28624,68,238
28626,74,155
28627,73,213
28628,75,270
28629,72,210
28630,67,198
28631,69,188
28632,67,199
28633,76,268
28634,69,225
28635,72,198
28639,74,150
28640,74,197
28641,71,255
28642,71,200
28643,73,230
28644,68,176
28646,70,215
28647,70,220
28648,69,185
28652,69,160
28653,71,150
28654,74,225
28655,74,213
28656,76,295
28657,73,195
28659,72,183
28661,69,145
28663,70,206
28664,71,207
28665,68,170
28667,67,190
28669,66,148
28670,68,181
28671,67,175
28673,64,195
28674,65,149
28675,65,172
28677,64,215
28700,67,127
28701,71,175
28702,74,215
28703,71,176
28707,68,157
28708,70,237
28709,66,150
28710,72,180
28712,72,165
28714,71,170
28715,74,260
28717,71,154
28718,73,200
28752,65,230
28753,69,182
28754,71,180
28756,69,150
28757,70,220
28759,70,178
28760,64,190
28761,70,165
28762,68,197
28765,66,187
28767,67,216
28768,71,165
28769,71,171
28770,69,190
28771,76,180
28772,71,183
28773,67,200
28774,65,147
28775,73,230
28777,65,160
28780,67,185
28783,68,181
28784,73,176
28785,68,133
28788,72,179
28789,70,155
28792,68,175
28793,70,135
28794,69,202
28795,74,210
28799,71,170
28802,73,195
28805,69,187
28806,67,180
28808,71,141
28809,70,178
28810,72,204
28814,67,187
28859,69,162
28860,73,135
28864,69,208
28865,71,220
28867,69,175
28868,70,185
28870,69,158
28871,69,180
28874,71,187
28878,70,220
28879,73,199
28880,74,242
28881,67,195
28882,67,209
28884,72,205
28886,71,193
28887,72,190
28891,72,215
28892,69,156
28896,73,212
28898,63,158
28899,67,158
28900,64,155
28901,70,207
28902,68,190
28904,76,195
28907,70,164
28910,72,137
28911,76,203
28912,70,165
28913,74,200
28915,72,194
28916,72,184
28917,70,203
28918,71,210
28919,68,172
28920,65,161
28922,69,197
28923,67,160
28925,70,181
28926,68,197
28927,68,164
28928,71,210
28930,71,155
28931,69,193
28932,68,175
28933,70,195
28936,66,190
28937,72,187
28944,68,175
28945,67,165
28948,70,212
28949,68,193
28952,78,180
28953,69,195
28955,68,165
28957,70,160
28964,69,245
28966,65,167
28968,69,230
28970,69,245
28971,71,151
28972,69,220
28973,72,230
28974,71,208
28975,72,190
28976,66,225
28977,65,155
28978,72,220
28979,67,140
28980,72,218
28981,74,204
28982,68,200
28983,69,184
28987,70,170
28988,68,215
28989,74,215
28990,71,170
28991,69,175
28992,69,205
28993,65,170
28994,67,140
28995,71,180
28996,69,220
28999,71,200
29002,69,155
29005,72,150
29007,71,240
29008,69,150
29010,70,175
29028,68,185
29030,71,127
29033,66,212
29034,72,205
29036,68,240
29037,72,197
29038,73,204
29039,69,170
29042,69,178
29044,74,180
29045,66,155
29046,72,203
29047,76,197
29049,72,190
29052,69,236
29055,70,162
29056,73,219
29057,66,195
29059,70,178
29060,71,230
29061,66,153
29062,69,194
29065,72,177
29076,67,160
29077,69,204
29079,74,175
29080,70,179
29081,68,180
29082,74,245
29084,74,165
29085,72,212
29087,66,150
29089,70,229
29090,73,205
29092,68,184
29093,72,215
29094,74,206
29096,71,190
29099,67,169
29101,69,184
29102,72,170
29103,69,240
29105,69,160
29107,73,185
29113,73,292
29116,72,188
29119,66,164
29130,68,150
29131,74,200
29132,67,170
29133,69,175
29134,68,200
29136,73,203
29139,72,180
29140,69,161
29142,73,166
29143,71,155
29144,74,200
29145,70,167
29146,68,155
29147,66,166
29148,68,180
29150,68,175
29151,72,200
29153,69,165
29154,71,210
29155,71,153
29156,69,174
29157,71,180
29161,69,160
29162,71,180
29164,71,212
29165,71,230
29166,70,188
29167,67,155
29168,70,210
29171,71,221
29173,69,213
29174,76,182
29175,68,183
29176,67,158
29179,69,205
29180,68,200
29183,72,175
29184,71,200
29185,71,197
29186,67,170
29187,71,220
29188,71,205
29189,71,185
29194,69,175
29195,69,209
29196,66,187
29198,73,218
29199,70,190
29200,73,194
29203,66,134
29205,68,185
29207,78,218
29208,70,169
29209,70,212
29216,74,209
29217,68,185
29218,73,185
29221,72,229
29225,69,145
29226,69,185
29227,69,185
29228,72,191
29229,72,180
29230,76,210
29231,70,173
29232,72,218
29233,72,134
29234,71,150
29238,71,185
29239,73,190
29240,74,205
29242,73,235
29244,72,189
29245,76,187
29247,69,170
29248,73,208
29249,69,178
29250,72,210
29251,66,168
29252,68,169
29253,73,165
29254,72,185
29255,75,225
29257,67,150
29258,65,167
29259,67,186
29260,75,200
29261,73,215
29262,67,162
29264,72,204
29265,73,195
29266,75,225
29269,72,146
29270,68,160
29272,76,260
29275,76,190
29278,70,174
29279,68,173
29282,69,155
29300,69,184
29302,73,169
29305,69,161
29306,68,175
29308,68,172
29311,68,175
29312,72,200
29314,72,290
29316,71,190
29317,67,152
29318,73,190
29320,71,228
29321,71,177
29322,66,153
29323,71,215
29325,70,175
29326,66,158
29329,68,195
29330,67,223
29332,67,165
29339,71,205
29340,72,210
29341,67,148
29342,71,210
29344,71,187
29346,66,175
29347,70,155
29349,65,162
29350,69,185
29351,65,180
29353,70,152
29355,71,197
29357,68,155
29359,71,165
29361,71,210
29365,72,173
29411,65,215
29413,67,150
29414,71,148
29415,71,175
29417,66,173
29420,72,220
29421,76,215
29423,72,177
29424,70,177
29426,67,145
29428,66,150
29429,69,180
29430,69,139
29431,69,170
29432,70,150
29433,62,130
29434,67,160
29437,69,185
29439,74,170
29440,70,190
29441,73,197
29442,67,160
29443,71,194
29447,67,186
29451,69,165
29452,73,218
